participant_id,birthdate,submission_date
1805,"2017-08-10	","2024-08-10	"
1809,"2017-08-13	",
1810,"2020-09-10	","2024-09-11	"
1815,"2017-08-10	","2024-08-18	"
1817,"2017-11-11	","2024-08-18	"
1820,"2017-08-13	",
1821,"2020-08-15	","2024-08-19	"
1822,"2018-08-13	",
1823,"2019-08-13	",
1824,"2017-11-11	","2024-08-20	"
1825,"2020-08-15	","2024-08-21	"
1826,"2020-08-15	","2024-08-23	"